-- MySQL dump 10.13  Distrib 5.7.11, for osx10.9 (x86_64)
--
-- Host: localhost    Database: library
-- ------------------------------------------------------
-- Server version	5.7.11

/*!40101 SET @OLD_CHARACTER_SET_CLIENT=@@CHARACTER_SET_CLIENT */;
/*!40101 SET @OLD_CHARACTER_SET_RESULTS=@@CHARACTER_SET_RESULTS */;
/*!40101 SET @OLD_COLLATION_CONNECTION=@@COLLATION_CONNECTION */;
/*!40101 SET NAMES utf8 */;
/*!40103 SET @OLD_TIME_ZONE=@@TIME_ZONE */;
/*!40103 SET TIME_ZONE='+00:00' */;
/*!40014 SET @OLD_UNIQUE_CHECKS=@@UNIQUE_CHECKS, UNIQUE_CHECKS=0 */;
/*!40014 SET @OLD_FOREIGN_KEY_CHECKS=@@FOREIGN_KEY_CHECKS, FOREIGN_KEY_CHECKS=0 */;
/*!40101 SET @OLD_SQL_MODE=@@SQL_MODE, SQL_MODE='NO_AUTO_VALUE_ON_ZERO' */;
/*!40111 SET @OLD_SQL_NOTES=@@SQL_NOTES, SQL_NOTES=0 */;

--
-- Table structure for table `author`
--

DROP TABLE IF EXISTS `author`;
/*!40101 SET @saved_cs_client     = @@character_set_client */;
/*!40101 SET character_set_client = utf8 */;
CREATE TABLE `author` (
  `id` int(11) NOT NULL AUTO_INCREMENT,
  `name` varchar(30) NOT NULL,
  `patronymic` varchar(30) DEFAULT NULL,
  `surname` varchar(30) NOT NULL,
  PRIMARY KEY (`id`)
) ENGINE=InnoDB AUTO_INCREMENT=7 DEFAULT CHARSET=latin1;
/*!40101 SET character_set_client = @saved_cs_client */;

--
-- Dumping data for table `author`
--

LOCK TABLES `author` WRITE;
/*!40000 ALTER TABLE `author` DISABLE KEYS */;
INSERT INTO `author` VALUES (1,'Evi',NULL,'Nemeth'),(2,'Garth',NULL,'Snyder'),(3,'Trent',NULL,'Hein'),(4,'Ben',NULL,'Whaley'),(5,'Andrew',NULL,'Tanenbaum'),(6,'David',NULL,'Wetheral');
/*!40000 ALTER TABLE `author` ENABLE KEYS */;
UNLOCK TABLES;

--
-- Table structure for table `book_description`
--

DROP TABLE IF EXISTS `book_description`;
/*!40101 SET @saved_cs_client     = @@character_set_client */;
/*!40101 SET character_set_client = utf8 */;
CREATE TABLE `book_description` (
  `id` int(11) NOT NULL AUTO_INCREMENT,
  `isbn` varchar(30) NOT NULL,
  `title` varchar(50) NOT NULL,
  `publisher` varchar(50) NOT NULL,
  `genre` varchar(20) DEFAULT NULL,
  `availability` set('reading_room','subscription') NOT NULL,
  PRIMARY KEY (`id`),
  UNIQUE KEY `book_description_isbn_uindex` (`isbn`)
) ENGINE=InnoDB AUTO_INCREMENT=3 DEFAULT CHARSET=latin1;
/*!40101 SET character_set_client = @saved_cs_client */;

--
-- Dumping data for table `book_description`
--

LOCK TABLES `book_description` WRITE;
/*!40000 ALTER TABLE `book_description` DISABLE KEYS */;
INSERT INTO `book_description` VALUES (1,'978-0-13-148005-6','UNIX and Linux system administration handbook','Prentice Hall','since','subscription'),(2,'979-0-13-212695-3','Computer nerworks','Prentice Hall','since','reading_room');
/*!40000 ALTER TABLE `book_description` ENABLE KEYS */;
UNLOCK TABLES;

--
-- Table structure for table `book_instance`
--

DROP TABLE IF EXISTS `book_instance`;
/*!40101 SET @saved_cs_client     = @@character_set_client */;
/*!40101 SET character_set_client = utf8 */;
CREATE TABLE `book_instance` (
  `id` int(11) NOT NULL AUTO_INCREMENT,
  `book_description_id` int(11) DEFAULT NULL,
  `status` varchar(30) NOT NULL,
  PRIMARY KEY (`id`),
  KEY `book_id_idxfk_1` (`book_description_id`),
  CONSTRAINT `book_instance_ibfk_1` FOREIGN KEY (`book_description_id`) REFERENCES `book_description` (`id`)
) ENGINE=InnoDB AUTO_INCREMENT=5 DEFAULT CHARSET=latin1;
/*!40101 SET character_set_client = @saved_cs_client */;

--
-- Dumping data for table `book_instance`
--

LOCK TABLES `book_instance` WRITE;
/*!40000 ALTER TABLE `book_instance` DISABLE KEYS */;
INSERT INTO `book_instance` VALUES (1,1,'available'),(2,1,'available'),(3,1,'available'),(4,2,'available');
/*!40000 ALTER TABLE `book_instance` ENABLE KEYS */;
UNLOCK TABLES;

--
-- Table structure for table `book_order`
--

DROP TABLE IF EXISTS `book_order`;
/*!40101 SET @saved_cs_client     = @@character_set_client */;
/*!40101 SET character_set_client = utf8 */;
CREATE TABLE `book_order` (
  `id` int(11) NOT NULL AUTO_INCREMENT,
  `book_instance_id` int(11) DEFAULT NULL,
  `user_id` int(11) NOT NULL,
  `creation_date` date NOT NULL,
  `pickup_date` date DEFAULT NULL,
  `return_date` date DEFAULT NULL,
  `actual_return_date` date DEFAULT NULL,
  PRIMARY KEY (`id`),
  KEY `book_instance_id_idxfk` (`book_instance_id`),
  KEY `user_id_idxfk` (`user_id`),
  CONSTRAINT `book_order_ibfk_1` FOREIGN KEY (`book_instance_id`) REFERENCES `book_instance` (`id`),
  CONSTRAINT `book_order_ibfk_2` FOREIGN KEY (`user_id`) REFERENCES `user` (`id`)
) ENGINE=InnoDB AUTO_INCREMENT=3 DEFAULT CHARSET=latin1;
/*!40101 SET character_set_client = @saved_cs_client */;

--
-- Dumping data for table `book_order`
--

LOCK TABLES `book_order` WRITE;
/*!40000 ALTER TABLE `book_order` DISABLE KEYS */;
INSERT INTO `book_order` VALUES (1,2,1,'2017-04-09',NULL,NULL,NULL),(2,4,1,'2017-04-09',NULL,NULL,NULL);
/*!40000 ALTER TABLE `book_order` ENABLE KEYS */;
UNLOCK TABLES;

--
-- Table structure for table `m2m_book_author`
--

DROP TABLE IF EXISTS `m2m_book_author`;
/*!40101 SET @saved_cs_client     = @@character_set_client */;
/*!40101 SET character_set_client = utf8 */;
CREATE TABLE `m2m_book_author` (
  `book_description_id` int(11) DEFAULT NULL,
  `author_id` int(11) DEFAULT NULL,
  KEY `book_id_idxfk` (`book_description_id`),
  KEY `author_id_idxfk` (`author_id`),
  CONSTRAINT `m2m_book_author_ibfk_1` FOREIGN KEY (`book_description_id`) REFERENCES `book_description` (`id`),
  CONSTRAINT `m2m_book_author_ibfk_2` FOREIGN KEY (`author_id`) REFERENCES `author` (`id`)
) ENGINE=InnoDB DEFAULT CHARSET=latin1;
/*!40101 SET character_set_client = @saved_cs_client */;

--
-- Dumping data for table `m2m_book_author`
--

LOCK TABLES `m2m_book_author` WRITE;
/*!40000 ALTER TABLE `m2m_book_author` DISABLE KEYS */;
INSERT INTO `m2m_book_author` VALUES (1,5),(1,6),(2,1),(2,2),(2,3),(2,4);
/*!40000 ALTER TABLE `m2m_book_author` ENABLE KEYS */;
UNLOCK TABLES;

--
-- Table structure for table `user`
--

DROP TABLE IF EXISTS `user`;
/*!40101 SET @saved_cs_client     = @@character_set_client */;
/*!40101 SET character_set_client = utf8 */;
CREATE TABLE `user` (
  `id` int(11) NOT NULL AUTO_INCREMENT,
  `name` varchar(30) NOT NULL,
  `surname` varchar(30) NOT NULL,
  `phone_number` char(17) NOT NULL,
  `password` char(129) NOT NULL,
  `role` set('admin','librarian','reader') NOT NULL,
  PRIMARY KEY (`id`),
  UNIQUE KEY `phone_number` (`phone_number`)
) ENGINE=InnoDB AUTO_INCREMENT=4 DEFAULT CHARSET=latin1;
/*!40101 SET character_set_client = @saved_cs_client */;

--
-- Dumping data for table `user`
--

LOCK TABLES `user` WRITE;
/*!40000 ALTER TABLE `user` DISABLE KEYS */;
INSERT INTO `user` VALUES (1,'Dmitry','Dudar','+38(066)520-18-86','d47ee9822fb0c0898140af0efdb6f49a8cd8d0e42bfbe0b352852aa2d83c4159:bca455f600846b0df279e9bc0a4112983e6aeaa5dcfb362c0409b0a38f7addb6','admin');
/*!40000 ALTER TABLE `user` ENABLE KEYS */;
UNLOCK TABLES;
/*!40103 SET TIME_ZONE=@OLD_TIME_ZONE */;

/*!40101 SET SQL_MODE=@OLD_SQL_MODE */;
/*!40014 SET FOREIGN_KEY_CHECKS=@OLD_FOREIGN_KEY_CHECKS */;
/*!40014 SET UNIQUE_CHECKS=@OLD_UNIQUE_CHECKS */;
/*!40101 SET CHARACTER_SET_CLIENT=@OLD_CHARACTER_SET_CLIENT */;
/*!40101 SET CHARACTER_SET_RESULTS=@OLD_CHARACTER_SET_RESULTS */;
/*!40101 SET COLLATION_CONNECTION=@OLD_COLLATION_CONNECTION */;
/*!40111 SET SQL_NOTES=@OLD_SQL_NOTES */;

-- Dump completed on 2017-10-05  7:02:34
